source	target	weight
komun	parêzgeha	4.077537
komun	îtalyayê	4.770685
komun	şaredariyeke	4.077537
komun	şaredariyên	4.770685
parêzgeha	îtalyayê	4.077537
parêzgeha	şaredariyeke	3.384390
parêzgeha	şaredariyên	4.077537
îtalyayê	şaredariyeke	4.077537
îtalyayê	şaredariyên	4.770685
şaredariyeke	şaredariyên	4.077537
jdb	output	4.770685
jdb	parser	4.770685
jdb	paşa	4.770685
jdb	the	4.770685
output	parser	4.770685
output	paşa	4.770685
output	the	4.770685
parser	paşa	4.770685
parser	the	4.770685
paşa	the	4.770685
ji	jî	4.077537
ji	ku	4.077537
ji	mirov	4.077537
ji	xwe	2.978925
jî	ku	4.770685
jî	mirov	4.770685
jî	xwe	3.672072
ku	mirov	4.770685
ku	xwe	3.672072
mirov	xwe	3.672072
bûm	ez	3.384390
bûm	me	4.770685
bûm	min	2.824774
bûm	te	2.824774
ez	me	3.384390
ez	min	2.131627
ez	te	2.131627
me	min	2.824774
me	te	2.824774
min	te	0.878864
kurd	kurdistanê	4.077537
kurd	kurdî	4.770685
kurd	kurmancî	4.770685
kurd	zimanê	3.672072
kurdistanê	kurdî	4.077537
kurdistanê	kurmancî	4.077537
kurdistanê	zimanê	2.978925
kurdî	kurmancî	4.770685
kurdî	zimanê	3.672072
kurmancî	zimanê	3.672072
almanyayê	bavyera	4.770685
almanyayê	landkreis	4.770685
almanyayê	navçeya	3.384390
almanyayê	şaredariyeke	4.077537
bavyera	landkreis	4.770685
bavyera	navçeya	3.384390
bavyera	şaredariyeke	4.077537
landkreis	navçeya	3.384390
landkreis	şaredariyeke	4.077537
navçeya	şaredariyeke	2.691243
girêdayî	gund	4.077537
girêdayî	gundekî	4.077537
girêdayî	navçeya	3.384390
girêdayî	ser	4.770685
gund	gundekî	3.384390
gund	navçeya	2.691243
gund	ser	4.077537
gundekî	navçeya	3.384390
gundekî	ser	4.077537
navçeya	ser	3.384390
ziman	zimanekî	4.770685
ziman	zimanê	3.672072
ziman	zimanên	4.770685
ziman	zimanî	4.770685
zimanekî	zimanê	3.672072
zimanekî	zimanên	4.770685
zimanekî	zimanî	4.770685
zimanê	zimanên	3.672072
zimanê	zimanî	3.672072
zimanên	zimanî	4.770685
min	pirtûk	2.824774
min	pirtûka	2.824774
min	pirtûkê	2.824774
min	pirtûkên	2.824774
pirtûk	pirtûka	4.770685
pirtûk	pirtûkê	4.770685
pirtûk	pirtûkên	4.770685
pirtûka	pirtûkê	4.770685
pirtûka	pirtûkên	4.770685
pirtûkê	pirtûkên	4.770685
azerbaycana	bajarê	4.077537
azerbaycana	navenda	4.770685
azerbaycana	rojhilat	4.770685
azerbaycana	îranê	4.770685
bajarê	navenda	4.077537
bajarê	rojhilat	4.077537
bajarê	îranê	4.077537
navenda	rojhilat	4.770685
navenda	îranê	4.770685
rojhilat	îranê	4.770685
bo	ew	3.672072
bo	ji	4.077537
bo	re	3.672072
bo	wê	3.672072
ew	ji	2.978925
ew	re	2.573460
ew	wê	2.573460
ji	re	2.978925
ji	wê	2.978925
re	wê	2.573460
bûye	dayik	4.770685
bûye	de	3.384390
bûye	di	3.672072
bûye	sala	2.978925
dayik	de	3.384390
dayik	di	3.672072
dayik	sala	2.978925
de	di	3.384390
de	sala	2.978925
di	sala	2.978925
hey	te	2.824774
hey	tune	4.770685
hey	wan	4.770685
hey	wey	4.770685
te	tune	2.824774
te	wan	2.824774
te	wey	2.824774
tune	wan	4.770685
tune	wey	4.770685
wan	wey	4.770685
bavê	malbata	4.770685
bavê	min	2.824774
bavê	pîrê	4.770685
bavê	wî	3.672072
malbata	min	2.824774
malbata	pîrê	4.770685
malbata	wî	3.672072
min	pîrê	2.824774
min	wî	1.726162
pîrê	wî	3.672072
dikî	hûn	4.077537
dikî	te	2.824774
dikî	tu	3.161247
dikî	xwe	3.672072
hûn	te	2.824774
hûn	tu	3.161247
hûn	xwe	2.978925
te	tu	2.313949
te	xwe	1.726162
tu	xwe	2.062634
bidin	bikin	4.770685
bidin	diçin	4.770685
bidin	em	4.770685
bidin	we	4.770685
bikin	diçin	4.770685
bikin	em	4.770685
bikin	we	4.770685
diçin	em	4.770685
diçin	we	4.770685
em	we	4.770685
bilindahiya	cm	4.770685
bilindahiya	km	4.770685
bilindahiya	km2	4.770685
bilindahiya	metre	4.770685
cm	km	4.770685
cm	km2	4.770685
cm	metre	4.770685
km	km2	4.770685
km	metre	4.770685
km2	metre	4.770685
bourgogne	comté	4.770685
bourgogne	franche	4.770685
bourgogne	rojhilatê	4.770685
bourgogne	saône	4.770685
comté	franche	4.770685
comté	rojhilatê	4.770685
comté	saône	4.770685
franche	rojhilatê	4.770685
franche	saône	4.770685
rojhilatê	saône	4.770685
amara	gund	4.077537
amara	malbat	4.770685
amara	nifûsa	4.770685
amara	serjimêriya	4.770685
gund	malbat	4.077537
gund	nifûsa	4.077537
gund	serjimêriya	4.077537
malbat	nifûsa	4.770685
malbat	serjimêriya	4.770685
nifûsa	serjimêriya	4.770685
bostonê	maryê	4.770685
bostonê	min	2.824774
bostonê	tom	4.770685
bostonê	tomî	4.770685
maryê	min	2.824774
maryê	tom	4.770685
maryê	tomî	4.770685
min	tom	2.824774
min	tomî	2.824774
tom	tomî	4.770685
dah	heft	4.770685
dah	hene	4.077537
dah	pê	4.770685
dah	pênc	4.770685
heft	hene	4.077537
heft	pê	4.770685
heft	pênc	4.770685
hene	pê	4.077537
hene	pênc	4.077537
pê	pênc	4.770685
cristata	famîleya	4.770685
cristata	galerida	4.770685
cristata	gazella	4.770685
cristata	genus	4.770685
famîleya	galerida	4.770685
famîleya	gazella	4.770685
famîleya	genus	4.770685
galerida	gazella	4.770685
galerida	genus	4.770685
gazella	genus	4.770685
mamoste	xwendekar	4.770685
mamoste	xwendekaran	4.770685
mamoste	xwendina	4.770685
mamoste	xwendinê	4.770685
xwendekar	xwendekaran	4.770685
xwendekar	xwendina	4.770685
xwendekar	xwendinê	4.770685
xwendekaran	xwendina	4.770685
xwendekaran	xwendinê	4.770685
xwendina	xwendinê	4.770685
av	avê	4.770685
av	meriv	4.770685
av	merivan	4.770685
av	nava	4.770685
avê	meriv	4.770685
avê	merivan	4.770685
avê	nava	4.770685
meriv	merivan	4.770685
meriv	nava	4.770685
merivan	nava	4.770685
atp	elektronan	4.770685
atp	enerjiya	4.770685
atp	enerjiyê	4.770685
atp	molekulên	4.770685
elektronan	enerjiya	4.770685
elektronan	enerjiyê	4.770685
elektronan	molekulên	4.770685
enerjiya	enerjiyê	4.770685
enerjiya	molekulên	4.770685
enerjiyê	molekulên	4.770685
amerîkayê	dîtina	4.770685
amerîkayê	korsîkaya	4.770685
amerîkayê	korsîkayê	4.770685
amerîkayê	muzîka	4.770685
dîtina	korsîkaya	4.770685
dîtina	korsîkayê	4.770685
dîtina	muzîka	4.770685
korsîkaya	korsîkayê	4.770685
korsîkaya	muzîka	4.770685
korsîkayê	muzîka	4.770685
ez	nakim	3.384390
ez	naxwazim	3.384390
ez	nikarim	3.384390
min	nakim	2.824774
min	naxwazim	2.824774
min	nikarim	2.824774
nakim	naxwazim	4.770685
nakim	nikarim	4.770685
naxwazim	nikarim	4.770685
kî	te	2.824774
kî	tu	3.161247
kî	yî	4.770685
kî	çi	4.770685
te	yî	2.824774
te	çi	2.824774
tu	yî	3.161247
tu	çi	3.161247
yî	çi	4.770685
ev	nav	4.077537
ev	nayê	4.770685
ev	ne	4.077537
ev	nîne	4.770685
nav	nayê	4.077537
nav	ne	3.384390
nav	nîne	4.077537
nayê	ne	4.077537
nayê	nîne	4.770685
ne	nîne	4.077537
başûrê	garonne	4.077537
başûrê	oksîtanyaya	4.077537
başûrê	oksîtanyayê	4.077537
başûrê	rojavayê	2.978925
garonne	oksîtanyaya	4.770685
garonne	oksîtanyayê	4.770685
garonne	rojavayê	3.672072
oksîtanyaya	oksîtanyayê	4.770685
oksîtanyaya	rojavayê	3.672072
oksîtanyayê	rojavayê	3.672072
calais	franceyê	4.770685
calais	hauts	4.770685
calais	pas	4.770685
calais	sommeya	4.770685
franceyê	hauts	4.770685
franceyê	pas	4.770685
franceyê	sommeya	4.770685
hauts	pas	4.770685
hauts	sommeya	4.770685
pas	sommeya	4.770685
fîlma	fîlman	4.770685
fîlma	fîlmê	4.770685
fîlma	fîlmên	4.770685
fîlma	rola	4.770685
fîlman	fîlmê	4.770685
fîlman	fîlmên	4.770685
fîlman	rola	4.770685
fîlmê	fîlmên	4.770685
fîlmê	rola	4.770685
fîlmên	rola	4.770685
hûn	nake	4.077537
hûn	ne	3.384390
nake	ne	4.077537
nake	te	2.824774
nake	tu	3.161247
ne	te	2.131627
ne	tu	2.468100
dev	dibêjin	4.770685
dev	jê	4.770685
dev	jêr	4.770685
dev	re	3.672072
dibêjin	jê	4.770685
dibêjin	jêr	4.770685
dibêjin	re	3.672072
jê	jêr	4.770685
jê	re	3.672072
jêr	re	3.672072
estê	grand	3.384390
estê	meurthe	3.672072
estê	meuse	3.672072
estê	rojhilata	3.672072
grand	meurthe	3.384390
grand	meuse	3.384390
grand	rojhilata	3.384390
meurthe	meuse	4.770685
meurthe	rojhilata	4.077537
meuse	rojhilata	4.077537
alpes	alpesê	4.770685
alpes	auvergne	4.770685
alpes	provence	4.770685
alpes	rhône	4.770685
alpesê	auvergne	4.770685
alpesê	provence	4.770685
alpesê	rhône	4.770685
auvergne	provence	4.770685
auvergne	rhône	4.770685
provence	rhône	4.770685
veşêre	şêr	4.770685
veşêre	şêrko	4.770685
veşêre	şêrê	4.770685
veşêre	şêx	4.770685
şêr	şêrko	4.770685
şêr	şêrê	4.770685
şêr	şêx	4.770685
şêrko	şêrê	4.770685
şêrko	şêx	4.770685
şêrê	şêx	4.770685
dijî	hêzên	4.770685
dijî	yê	4.770685
dijî	şerê	4.077537
dijî	şerên	4.770685
hêzên	yê	4.770685
hêzên	şerê	4.077537
hêzên	şerên	4.770685
yê	şerê	4.077537
yê	şerên	4.770685
şerê	şerên	4.077537
1920	de	3.384390
1920	heya	4.770685
1920	sala	2.978925
1920	şerê	4.077537
de	heya	3.384390
de	şerê	2.691243
heya	sala	2.978925
heya	şerê	4.077537
sala	şerê	2.285778
bû	pişta	4.770685
bû	qetiyaye	4.770685
bû	wî	3.672072
bû	xwe	3.672072
pişta	qetiyaye	4.770685
pişta	wî	3.672072
pişta	xwe	3.672072
qetiyaye	wî	3.672072
qetiyaye	xwe	3.672072
wî	xwe	2.573460
dike	dilê	4.077537
dike	ew	3.672072
dike	heyranê	4.770685
dike	wî	3.672072
dilê	ew	2.978925
dilê	heyranê	4.077537
dilê	wî	2.978925
ew	heyranê	3.672072
ew	wî	2.573460
heyranê	wî	3.672072
2021an	2022an	4.770685
2021an	de	3.384390
2021an	di	3.672072
2021an	sala	2.978925
2022an	de	3.384390
2022an	di	3.672072
2022an	sala	2.978925
de	salên	3.384390
de	zengî	3.384390
di	salên	3.672072
di	zengî	3.672072
sala	salên	2.978925
sala	zengî	2.978925
salên	zengî	4.770685
başûrê	hewlêrê	4.077537
başûrê	kurdistanê	3.384390
başûrê	navçeya	2.691243
başûrê	parêzgeha	3.384390
hewlêrê	kurdistanê	4.077537
hewlêrê	navçeya	3.384390
hewlêrê	parêzgeha	4.077537
kurdistanê	navçeya	2.691243
kurdistanê	parêzgeha	3.384390
navçeya	parêzgeha	2.691243
reng	rengekî	4.770685
reng	rengê	4.770685
reng	rengên	4.770685
reng	rengîn	4.770685
rengekî	rengê	4.770685
rengekî	rengên	4.770685
rengekî	rengîn	4.770685
rengê	rengên	4.770685
rengê	rengîn	4.770685
rengên	rengîn	4.770685
demokrat	partiya	4.770685
demokrat	partiyê	4.770685
demokrat	sala	2.978925
demokrat	siyasî	4.770685
partiya	partiyê	4.770685
partiya	sala	2.978925
partiya	siyasî	4.770685
partiyê	sala	2.978925
partiyê	siyasî	4.770685
sala	siyasî	2.978925
calvados	departemeta	4.770685
calvados	eureyê	4.770685
calvados	normandiya	4.770685
calvados	normandîyê	4.770685
departemeta	eureyê	4.770685
departemeta	normandiya	4.770685
departemeta	normandîyê	4.770685
eureyê	normandiya	4.770685
eureyê	normandîyê	4.770685
normandiya	normandîyê	4.770685
caran	gelek	4.770685
caran	hene	4.077537
caran	hestî	4.770685
caran	xelatên	4.770685
gelek	hene	4.077537
gelek	hestî	4.770685
gelek	xelatên	4.770685
hene	hestî	4.077537
hene	xelatên	4.077537
hestî	xelatên	4.770685
rûsya	rûsyayê	4.770685
rûsya	rûsî	4.770685
rûsya	sovyet	4.770685
rûsya	ukraynayê	4.770685
rûsyayê	rûsî	4.770685
rûsyayê	sovyet	4.770685
rûsyayê	ukraynayê	4.770685
rûsî	sovyet	4.770685
rûsî	ukraynayê	4.770685
sovyet	ukraynayê	4.770685
evîn	havîn	4.770685
evîn	navîn	4.770685
evîn	payîz	4.770685
evîn	payîzê	4.770685
havîn	navîn	4.770685
havîn	payîz	4.770685
havîn	payîzê	4.770685
navîn	payîz	4.770685
navîn	payîzê	4.770685
payîz	payîzê	4.770685
re	zarok	3.672072
re	zarokan	3.672072
re	zarokê	3.672072
re	zarokên	2.978925
zarok	zarokan	4.770685
zarok	zarokê	4.770685
zarok	zarokên	4.077537
zarokan	zarokê	4.770685
zarokan	zarokên	4.077537
zarokê	zarokên	4.077537
bajarî	daneyên	4.770685
bajarî	digehêje	4.770685
bajarî	kesî	4.770685
bajarî	niştecihên	4.770685
daneyên	digehêje	4.770685
daneyên	kesî	4.770685
daneyên	niştecihên	4.770685
digehêje	kesî	4.770685
digehêje	niştecihên	4.770685
kesî	niştecihên	4.770685
bakurê	departmena	3.672072
bakurê	komuneke	3.672072
bakurê	marne	2.978925
bakurê	oisa	3.672072
departmena	komuneke	4.077537
departmena	marne	3.384390
departmena	oisa	4.077537
komuneke	marne	4.077537
komuneke	oisa	4.770685
marne	oisa	4.077537
00	roj	4.770685
00	rojan	4.770685
00	saet	4.770685
00	tu	3.161247
roj	rojan	4.770685
roj	saet	4.770685
roj	tu	3.161247
rojan	saet	4.770685
rojan	tu	3.161247
saet	tu	3.161247
hemoglobînê	nav	4.077537
hemoglobînê	xwîn	4.770685
hemoglobînê	xwîna	4.770685
hemoglobînê	xwînê	4.770685
nav	xwîn	4.077537
nav	xwîna	4.077537
nav	xwînê	4.077537
xwîn	xwîna	4.770685
xwîn	xwînê	4.770685
xwîna	xwînê	4.770685
aquitaine	charente	3.672072
aquitaine	landes	3.672072
aquitaine	nouvelle	3.672072
aquitaine	rojavayê	3.266607
charente	landes	4.770685
charente	nouvelle	3.672072
charente	rojavayê	3.672072
landes	nouvelle	3.672072
landes	rojavayê	3.672072
nouvelle	rojavayê	3.266607
biderengî	birçî	4.770685
biderengî	demeke	4.770685
biderengî	nêz	4.770685
biderengî	şîva	4.770685
birçî	demeke	4.770685
birçî	nêz	4.770685
birçî	şîva	4.770685
demeke	nêz	4.770685
demeke	şîva	4.770685
nêz	şîva	4.770685
herî	mezin	4.077537
herî	mezine	4.077537
herî	mezintir	4.077537
herî	zilma	4.077537
mezin	mezine	4.077537
mezin	mezintir	4.077537
mezin	zilma	4.077537
mezine	mezintir	4.770685
mezine	zilma	4.770685
mezintir	zilma	4.770685
dayîk	muzîkê	4.770685
dayîk	pisîk	4.770685
dayîk	pisîkên	4.770685
dayîk	würzburg	4.770685
muzîkê	pisîk	4.770685
muzîkê	pisîkên	4.770685
muzîkê	würzburg	4.770685
pisîk	pisîkên	4.770685
pisîk	würzburg	4.770685
pisîkên	würzburg	4.770685
ajotiye	bike	4.770685
ajotiye	coupé	4.770685
ajotiye	min	2.824774
ajotiye	otobus	4.770685
bike	coupé	4.770685
bike	min	2.824774
bike	otobus	4.770685
coupé	min	2.824774
coupé	otobus	4.770685
min	otobus	2.824774
dertêm	ez	3.384390
dertêm	herim	4.770685
dertêm	mala	4.770685
dertêm	malê	4.770685
ez	herim	3.384390
ez	mala	3.384390
ez	malê	3.384390
herim	mala	4.770685
herim	malê	4.770685
mala	malê	4.770685
goştê	serdeştê	4.770685
goştê	taştê	4.770685
goştê	tiştê	4.770685
goştê	şaristana	4.770685
serdeştê	taştê	4.770685
serdeştê	tiştê	4.770685
serdeştê	şaristana	4.770685
taştê	tiştê	4.770685
taştê	şaristana	4.770685
tiştê	şaristana	4.770685
birûsk	ewran	4.770685
birûsk	ewrên	4.770685
birûsk	qîjandina	4.770685
birûsk	xort	4.770685
ewran	ewrên	4.770685
ewran	qîjandina	4.770685
ewran	xort	4.770685
ewrên	qîjandina	4.770685
ewrên	xort	4.770685
qîjandina	xort	4.770685
esta	goleke	4.770685
esta	marney	4.770685
esta	norwêcê	4.770685
esta	sinorê	4.770685
goleke	marney	4.770685
goleke	norwêcê	4.770685
goleke	sinorê	4.770685
marney	norwêcê	4.770685
marney	sinorê	4.770685
norwêcê	sinorê	4.770685
html	malpera	4.077537
html	televîzyonê	4.770685
html	tv	4.077537
html	înternetê	4.770685
malpera	televîzyonê	4.077537
malpera	tv	4.077537
malpera	înternetê	4.077537
televîzyonê	tv	4.077537
televîzyonê	înternetê	4.770685
tv	înternetê	4.077537
be	dilê	4.077537
be	hincik	4.770685
be	te	2.824774
be	wê	3.672072
dilê	hincik	4.077537
dilê	te	2.131627
dilê	wê	2.978925
hincik	te	2.824774
hincik	wê	3.672072
te	wê	1.726162
beniya	ermenî	4.770685
beniya	tirkiyeyê	4.770685
beniya	tirkî	4.077537
beniya	zimanê	3.672072
ermenî	tirkiyeyê	4.770685
ermenî	tirkî	4.077537
ermenî	zimanê	3.672072
tirkiyeyê	tirkî	4.077537
tirkiyeyê	zimanê	3.672072
tirkî	zimanê	2.978925
diya	wê	3.672072
diya	zaroka	4.770685
diya	zarokên	4.077537
diya	zewicî	4.770685
wê	zaroka	3.672072
wê	zarokên	2.978925
wê	zewicî	3.672072
zaroka	zarokên	4.077537
zaroka	zewicî	4.770685
zarokên	zewicî	4.077537
seqizê	sêv	4.770685
seqizê	sêva	4.770685
seqizê	sêwasê	4.770685
seqizê	zêwye	4.770685
sêv	sêva	4.770685
sêv	sêwasê	4.770685
sêv	zêwye	4.770685
sêva	sêwasê	4.770685
sêva	zêwye	4.770685
sêwasê	zêwye	4.770685
gul	gîha	4.770685
gul	kulîlk	4.770685
gul	kulîlkan	4.770685
gul	kulîlkên	4.770685
gîha	kulîlk	4.770685
gîha	kulîlkan	4.770685
gîha	kulîlkên	4.770685
kulîlk	kulîlkan	4.770685
kulîlk	kulîlkên	4.770685
kulîlkan	kulîlkên	4.770685
dibim	stockholmê	4.770685
dibim	swêd	4.770685
dibim	swêdê	4.770685
dibim	swêdî	4.770685
stockholmê	swêd	4.770685
stockholmê	swêdê	4.770685
stockholmê	swêdî	4.770685
swêd	swêdê	4.770685
swêd	swêdî	4.770685
swêdê	swêdî	4.770685
39	41	4.770685
39	49	4.770685
39	63	4.770685
39	64	4.770685
41	49	4.770685
41	63	4.770685
41	64	4.770685
49	63	4.770685
49	64	4.770685
63	64	4.770685
centre	indre	4.770685
centre	komunên	3.384390
centre	loireyê	4.770685
centre	val	4.770685
indre	komunên	3.384390
indre	loireyê	4.770685
indre	val	4.770685
komunên	loireyê	3.384390
komunên	val	3.384390
loireyê	val	4.770685
gundekî	semsûrê	4.077537
gundekî	tirkî	3.384390
gundekî	xarpêtê	4.077537
navçeya	semsûrê	3.384390
navçeya	tirkî	2.691243
navçeya	xarpêtê	3.384390
semsûrê	tirkî	4.077537
semsûrê	xarpêtê	4.770685
tirkî	xarpêtê	4.077537
20	40	4.770685
20	bîst	4.770685
20	depê	4.770685
20	lîstik	4.770685
40	bîst	4.770685
40	depê	4.770685
40	lîstik	4.770685
bîst	depê	4.770685
bîst	lîstik	4.770685
depê	lîstik	4.770685
bakteriyan	bakteriyê	4.770685
bakteriyan	bakteriyên	4.770685
bakteriyan	bakterî	4.770685
bakteriyan	coli	4.770685
bakteriyê	bakteriyên	4.770685
bakteriyê	bakterî	4.770685
bakteriyê	coli	4.770685
bakteriyên	bakterî	4.770685
bakteriyên	coli	4.770685
bakterî	coli	4.770685
aştiyê	hemwelatiyê	4.770685
aştiyê	hestiyê	4.770685
aştiyê	mesîhîtiyê	4.770685
aştiyê	yekîtiyê	4.770685
hemwelatiyê	hestiyê	4.770685
hemwelatiyê	mesîhîtiyê	4.770685
hemwelatiyê	yekîtiyê	4.770685
hestiyê	mesîhîtiyê	4.770685
hestiyê	yekîtiyê	4.770685
mesîhîtiyê	yekîtiyê	4.770685
komara	komarê	4.770685
komara	komarên	4.770685
komara	mehabadê	4.770685
komara	sosyalîst	4.770685
komarê	komarên	4.770685
komarê	mehabadê	4.770685
komarê	sosyalîst	4.770685
komarên	mehabadê	4.770685
komarên	sosyalîst	4.770685
mehabadê	sosyalîst	4.770685
mûyê	piranî	4.770685
mûyê	rijênê	4.770685
mûyê	tê	4.770685
mûyê	ziravê	4.770685
piranî	rijênê	4.770685
piranî	tê	4.770685
piranî	ziravê	4.770685
rijênê	tê	4.770685
rijênê	ziravê	4.770685
tê	ziravê	4.770685
berdilkê	hawar	4.770685
berdilkê	raweste	4.770685
berdilkê	xaliqê	4.770685
berdilkê	şekirî	4.770685
hawar	raweste	4.770685
hawar	xaliqê	4.770685
hawar	şekirî	4.770685
raweste	xaliqê	4.770685
raweste	şekirî	4.770685
xaliqê	şekirî	4.770685
paqij	pir	4.770685
paqij	xweş	4.770685
paqij	xweşik	4.770685
paqij	însan	4.770685
pir	xweş	4.770685
pir	xweşik	4.770685
pir	însan	4.770685
xweş	xweşik	4.770685
xweş	însan	4.770685
xweşik	însan	4.770685
cejna	pîroz	4.770685
cejna	pîrozkirin	4.770685
cejna	qurana	4.770685
cejna	roja	4.770685
pîroz	pîrozkirin	4.770685
pîroz	qurana	4.770685
pîroz	roja	4.770685
pîrozkirin	qurana	4.770685
pîrozkirin	roja	4.770685
qurana	roja	4.770685
amerîkan	amerîkî	4.770685
amerîkan	dya	4.770685
amerîkan	lîstikvan	4.770685
amerîkan	lîstikvanek	4.770685
amerîkî	dya	4.770685
amerîkî	lîstikvan	4.770685
amerîkî	lîstikvanek	4.770685
dya	lîstikvan	4.770685
dya	lîstikvanek	4.770685
lîstikvan	lîstikvanek	4.770685
bakurê	estê	2.573460
bakurê	grand	2.285778
bakurê	moselle	3.672072
bakurê	rojhilata	2.978925
estê	moselle	3.672072
grand	moselle	3.384390
moselle	rojhilata	4.077537
berfê	dihelîne	4.770685
berfê	dimire	4.770685
berfê	sar	4.770685
berfê	zimên	4.770685
dihelîne	dimire	4.770685
dihelîne	sar	4.770685
dihelîne	zimên	4.770685
dimire	sar	4.770685
dimire	zimên	4.770685
sar	zimên	4.770685
bişon	destê	4.077537
bişon	destên	4.770685
bişon	kezeba	4.770685
bişon	zûka	4.770685
destê	destên	4.077537
destê	kezeba	4.077537
destê	zûka	4.077537
destên	kezeba	4.770685
destên	zûka	4.770685
kezeba	zûka	4.770685
404	975	4.770685
404	978	4.770685
404	isbn	4.770685
404	veşandî	4.770685
975	978	4.770685
975	isbn	4.770685
975	veşandî	4.770685
978	isbn	4.770685
978	veşandî	4.770685
isbn	veşandî	4.770685
aquitaine	deux	3.672072
aquitaine	komunên	2.285778
aquitaine	sèvres	3.672072
deux	komunên	3.384390
deux	nouvelle	3.672072
deux	sèvres	4.770685
komunên	nouvelle	2.285778
komunên	sèvres	3.384390
nouvelle	sèvres	3.672072
derdana	hormon	4.770685
derdana	hormona	4.770685
derdana	hormonên	4.770685
derdana	testosteronê	4.770685
hormon	hormona	4.770685
hormon	hormonên	4.770685
hormon	testosteronê	4.770685
hormona	hormonên	4.770685
hormona	testosteronê	4.770685
hormonên	testosteronê	4.770685
adn	genên	4.770685
adn	kromozom	4.770685
adn	kromozoma	4.770685
adn	kromozomên	4.770685
genên	kromozom	4.770685
genên	kromozoma	4.770685
genên	kromozomên	4.770685
kromozom	kromozoma	4.770685
kromozom	kromozomên	4.770685
kromozoma	kromozomên	4.770685
dibe	dikin	4.770685
dibe	dilîzin	4.770685
dibe	hev	4.770685
dibe	rûyê	4.770685
dikin	dilîzin	4.770685
dikin	hev	4.770685
dikin	rûyê	4.770685
dilîzin	hev	4.770685
dilîzin	rûyê	4.770685
hev	rûyê	4.770685
bijîşk	bijîşkî	4.770685
bijîşk	dr	4.770685
bijîşk	mirîşk	4.770685
bijîşk	rweylot	4.770685
bijîşkî	dr	4.770685
bijîşkî	mirîşk	4.770685
bijîşkî	rweylot	4.770685
dr	mirîşk	4.770685
dr	rweylot	4.770685
mirîşk	rweylot	4.770685
dîroka	dîrokê	4.770685
dîroka	dîwana	4.770685
dîroka	dîwarê	4.770685
dîroka	st	4.770685
dîrokê	dîwana	4.770685
dîrokê	dîwarê	4.770685
dîrokê	st	4.770685
dîwana	dîwarê	4.770685
dîwana	st	4.770685
dîwarê	st	4.770685
cîranan	nû	4.770685
cîranan	nûjen	4.770685
cîranan	nûvekirinên	4.770685
cîranan	xeber	4.770685
nû	nûjen	4.770685
nû	nûvekirinên	4.770685
nû	xeber	4.770685
nûjen	nûvekirinên	4.770685
nûjen	xeber	4.770685
nûvekirinên	xeber	4.770685
romayiyan	romayê	4.770685
romayiyan	romê	4.770685
romayiyan	împeratoriya	4.770685
romayiyan	împeratorê	4.770685
romayê	romê	4.770685
romayê	împeratoriya	4.770685
romayê	împeratorê	4.770685
romê	împeratoriya	4.770685
romê	împeratorê	4.770685
împeratoriya	împeratorê	4.770685
hevalê	hevalên	4.770685
hevalê	min	2.824774
hevalê	miqate	4.770685
hevalê	tu	3.161247
hevalên	min	2.824774
hevalên	miqate	4.770685
hevalên	tu	3.161247
min	miqate	2.824774
min	tu	1.215337
miqate	tu	3.161247
kê	maşîta	4.770685
kê	nan	4.770685
kê	vexwar	4.770685
kê	xwar	4.770685
maşîta	nan	4.770685
maşîta	vexwar	4.770685
maşîta	xwar	4.770685
nan	vexwar	4.770685
nan	xwar	4.770685
vexwar	xwar	4.770685
ichiro	japon	4.770685
ichiro	japonî	4.770685
ichiro	mizuki	4.770685
ichiro	水木一郎	4.770685
japon	japonî	4.770685
japon	mizuki	4.770685
japon	水木一郎	4.770685
japonî	mizuki	4.770685
japonî	水木一郎	4.770685
mizuki	水木一郎	4.770685
navnîşana	paqijî	4.770685
navnîşana	pêşketin	4.770685
navnîşana	pêşketina	4.770685
navnîşana	pêşketinê	4.770685
paqijî	pêşketin	4.770685
paqijî	pêşketina	4.770685
paqijî	pêşketinê	4.770685
pêşketin	pêşketina	4.770685
pêşketin	pêşketinê	4.770685
pêşketina	pêşketinê	4.770685
bajarê	herî	3.384390
bajarê	mezin	3.384390
bajarê	paytext	4.077537
bajarê	paytexta	4.077537
herî	paytext	4.077537
herî	paytexta	4.077537
mezin	paytext	4.077537
mezin	paytexta	4.077537
paytext	paytexta	4.770685
fc	futbolo	4.770685
fc	futbolê	4.770685
fc	lîstikvanê	4.770685
fc	yaneyeke	4.770685
futbolo	futbolê	4.770685
futbolo	lîstikvanê	4.770685
futbolo	yaneyeke	4.770685
futbolê	lîstikvanê	4.770685
futbolê	yaneyeke	4.770685
lîstikvanê	yaneyeke	4.770685
dikim	ez	3.384390
dikim	hez	4.770685
dikim	mot	4.770685
dikim	te	2.824774
ez	hez	3.384390
ez	mot	3.384390
hez	mot	4.770685
hez	te	2.824774
mot	te	2.824774
cara	dinê	4.770685
cara	hate	4.770685
cara	sala	2.978925
cara	vekirin	4.770685
dinê	hate	4.770685
dinê	sala	2.978925
dinê	vekirin	4.770685
hate	sala	2.978925
hate	vekirin	4.770685
sala	vekirin	2.978925
jam	nivîsên	4.770685
jam	ragihandinê	4.770685
jam	rojname	4.770685
jam	rojnameyeke	4.770685
nivîsên	ragihandinê	4.770685
nivîsên	rojname	4.770685
nivîsên	rojnameyeke	4.770685
ragihandinê	rojname	4.770685
ragihandinê	rojnameyeke	4.770685
rojname	rojnameyeke	4.770685
aquitaine	atlantiques	3.672072
aquitaine	pyrénées	3.672072
atlantiques	nouvelle	3.672072
atlantiques	pyrénées	4.770685
atlantiques	rojavayê	3.672072
nouvelle	pyrénées	3.672072
pyrénées	rojavayê	3.672072
eşîr	milk	4.770685
eşîr	şîr	4.770685
eşîr	şîret	4.770685
eşîr	şîrê	4.770685
milk	şîr	4.770685
milk	şîret	4.770685
milk	şîrê	4.770685
şîr	şîret	4.770685
şîr	şîrê	4.770685
şîret	şîrê	4.770685
com	fermî	4.770685
com	malpera	4.077537
com	tori	4.770685
com	tv	4.077537
fermî	malpera	4.077537
fermî	tori	4.770685
fermî	tv	4.077537
malpera	tori	4.077537
tori	tv	4.077537
destê	nede	4.077537
destê	vekirî	4.077537
destê	çavê	4.077537
destê	çavên	4.077537
nede	vekirî	4.770685
nede	çavê	4.770685
nede	çavên	4.770685
vekirî	çavê	4.770685
vekirî	çavên	4.770685
çavê	çavên	4.770685
bakurê	maritime	3.672072
bakurê	normandiyayê	3.672072
bakurê	seine	2.978925
departmena	maritime	4.077537
departmena	normandiyayê	4.077537
departmena	seine	3.384390
maritime	normandiyayê	4.770685
maritime	seine	4.077537
normandiyayê	seine	4.077537
celat	kirim	4.770685
celat	nizanin	4.770685
celat	resûlê	4.770685
celat	xwedê	4.770685
kirim	nizanin	4.770685
kirim	resûlê	4.770685
kirim	xwedê	4.770685
nizanin	resûlê	4.770685
nizanin	xwedê	4.770685
resûlê	xwedê	4.770685
aciz	derketim	4.770685
aciz	dibexşînin	4.770685
aciz	ew	3.672072
aciz	şikir	4.770685
derketim	dibexşînin	4.770685
derketim	ew	3.672072
derketim	şikir	4.770685
dibexşînin	ew	3.672072
dibexşînin	şikir	4.770685
ew	şikir	3.672072
bretonyayê	finistère	4.770685
bretonyayê	ille	4.770685
bretonyayê	komunên	3.384390
bretonyayê	vilaine	4.770685
finistère	ille	4.770685
finistère	komunên	3.384390
finistère	vilaine	4.770685
ille	komunên	3.384390
ille	vilaine	4.770685
komunên	vilaine	3.384390
estê	haut	3.672072
estê	komunên	2.285778
estê	rhin	3.672072
grand	haut	3.384390
grand	komunên	1.998096
grand	rhin	3.384390
haut	komunên	3.384390
haut	rhin	4.770685
komunên	rhin	3.384390
bêriya	dibistanê	4.770685
bêriya	nekir	4.770685
bêriya	nekiriye	4.770685
bêriya	vegeriya	4.770685
dibistanê	nekir	4.770685
dibistanê	nekiriye	4.770685
dibistanê	vegeriya	4.770685
nekir	nekiriye	4.770685
nekir	vegeriya	4.770685
nekiriye	vegeriya	4.770685
et	franceya	4.770685
et	marne	4.077537
et	seine	4.077537
et	île	4.770685
franceya	marne	4.077537
franceya	seine	4.077537
franceya	île	4.770685
marne	seine	3.384390
marne	île	4.077537
seine	île	4.077537
2006	encamdan	4.770685
2006	malan	4.770685
2006	rûniştvanên	4.770685
2006	serjimariya	4.770685
encamdan	malan	4.770685
encamdan	rûniştvanên	4.770685
encamdan	serjimariya	4.770685
malan	rûniştvanên	4.770685
malan	serjimariya	4.770685
rûniştvanên	serjimariya	4.770685
aubeê	bakur	4.770685
aubeê	est	4.770685
aubeê	grand	3.384390
aubeê	navnedî	4.770685
bakur	est	4.770685
bakur	grand	3.384390
bakur	navnedî	4.770685
est	grand	3.384390
est	navnedî	4.770685
grand	navnedî	3.384390
dos	kompîter	4.770685
dos	linux	4.770685
dos	teknolojiye	4.770685
dos	teknolojiyê	4.770685
kompîter	linux	4.770685
kompîter	teknolojiye	4.770685
kompîter	teknolojiyê	4.770685
linux	teknolojiye	4.770685
linux	teknolojiyê	4.770685
teknolojiye	teknolojiyê	4.770685