source	target	weight
cinîyan	ke	4.859812
cinîyan	kurdan	4.859812
cinîyan	yê	8.333330
cinîyan	zî	4.859812
ke	kurdan	4.859812
ke	yê	4.859812
ke	zî	4.859812
kurdan	yê	4.859812
kurdan	zî	4.859812
yê	zî	4.859812
ez	ma	8.333330
ez	mi	8.333330
ez	to	4.859812
ez	xo	4.859812
ma	mi	8.333330
ma	to	4.859812
ma	xo	4.859812
mi	to	8.333330
mi	xo	4.859812
to	xo	4.859812
cinîyan	hêrişê	4.859812
cinîyan	tirke	4.859812
cinîyan	vera	4.859812
hêrişê	tirke	4.859812
hêrişê	vera	4.859812
hêrişê	yê	4.859812
tirke	vera	4.859812
tirke	yê	4.859812
vera	yê	4.859812
000	amardışê	4.859812
000	hezar	4.859812
000	nefero	4.859812
000	peyêni	4.859812
amardışê	hezar	4.859812
amardışê	nefero	4.859812
amardışê	peyêni	4.859812
hezar	nefero	4.859812
hezar	peyêni	4.859812
nefero	peyêni	4.859812
diagrami	gorey	8.333330
diagrami	grafikê	8.333330
diagrami	nıfusê	4.859812
diagrami	sero	4.859812
gorey	grafikê	11.283600
gorey	nıfusê	4.859812
gorey	sero	4.859812
grafikê	nıfusê	4.859812
grafikê	sero	4.859812
nıfusê	sero	4.859812
elmanya	hunermend	4.859812
elmanya	nahiyeyê	4.859812
elmanya	sar	4.859812
elmanya	zazaki	4.859812
hunermend	nahiyeyê	4.859812
hunermend	sar	4.859812
hunermend	zazaki	4.859812
nahiyeyê	sar	4.859812
nahiyeyê	zazaki	4.859812
sar	zazaki	4.859812
biyo	de	4.859812
biyo	keşıf	8.333330
biyo	ra	4.859812
biyo	terefê	8.333330
de	keşıf	4.859812
de	ra	4.859812
de	terefê	4.859812
keşıf	ra	4.859812
keşıf	terefê	13.894072
ra	terefê	4.859812
ez	nêkenê	4.859812
ez	nêzana	4.859812
ma	nêkenê	4.859812
ma	nêzana	4.859812
mi	nêkenê	4.859812
mi	nêzana	4.859812
nêkenê	nêzana	4.859812
awe	kanalizasyoni	4.859812
awe	ratneyao	4.859812
awe	sistemê	4.859812
awe	şebekey	4.859812
kanalizasyoni	ratneyao	4.859812
kanalizasyoni	sistemê	4.859812
kanalizasyoni	şebekey	8.333330
ratneyao	sistemê	4.859812
ratneyao	şebekey	4.859812
sistemê	şebekey	4.859812
cısım	estareyanê	8.333330
cısım	katalogê	11.283600
cısım	komê	8.333330
cısım	neweyê	11.283600
estareyanê	katalogê	8.333330
estareyanê	komê	8.333330
estareyanê	neweyê	8.333330
katalogê	komê	8.333330
katalogê	neweyê	11.283600
komê	neweyê	8.333330
975	stanbul	4.859812
975	tirkî	4.859812
975	tirkîya	4.859812
975	îstanbul	4.859812
stanbul	tirkî	4.859812
stanbul	tirkîya	4.859812
stanbul	îstanbul	4.859812
tirkî	tirkîya	4.859812
tirkî	îstanbul	4.859812
tirkîya	îstanbul	4.859812
james	john	4.859812
james	philadelphia	4.859812
james	pittsburgh	4.859812
james	william	4.859812
john	philadelphia	4.859812
john	pittsburgh	4.859812
john	william	8.333330
philadelphia	pittsburgh	4.859812
philadelphia	william	4.859812
pittsburgh	william	4.859812
cısım	gêno	4.859812
cısım	pêroyi	4.859812
gêno	katalogê	4.859812
gêno	neweyê	4.859812
gêno	pêroyi	4.859812
katalogê	pêroyi	4.859812
neweyê	pêroyi	4.859812
abdullah	kurdî	4.859812
abdullah	kurdîstanî	4.859812
abdullah	rayberê	4.859812
abdullah	şarê	4.859812
kurdî	kurdîstanî	4.859812
kurdî	rayberê	4.859812
kurdî	şarê	4.859812
kurdîstanî	rayberê	4.859812
kurdîstanî	şarê	4.859812
rayberê	şarê	4.859812
anciyao	elektrik	4.859812
anciyao	internet	4.859812
anciyao	kanalizasyoni	4.859812
anciyao	şebekey	4.859812
elektrik	internet	4.859812
elektrik	kanalizasyoni	4.859812
elektrik	şebekey	4.859812
internet	kanalizasyoni	4.859812
internet	şebekey	4.859812
hîrê	rayîrê	4.859812
hîrê	tesîrê	4.859812
hîrê	vîrê	4.859812
hîrê	wayîrê	4.859812
rayîrê	tesîrê	4.859812
rayîrê	vîrê	4.859812
rayîrê	wayîrê	4.859812
tesîrê	vîrê	4.859812
tesîrê	wayîrê	4.859812
vîrê	wayîrê	4.859812
wina	şaran	4.859812
wina	şaro	4.859812
wina	şarê	4.859812
wina	şarî	4.859812
şaran	şaro	4.859812
şaran	şarê	4.859812
şaran	şarî	4.859812
şaro	şarê	4.859812
şaro	şarî	4.859812
şarê	şarî	4.859812
amorphoscelis	boiss	4.859812
amorphoscelis	dianthus	4.859812
amorphoscelis	euphorbia	4.859812
amorphoscelis	var	4.859812
boiss	dianthus	4.859812
boiss	euphorbia	4.859812
boiss	var	4.859812
dianthus	euphorbia	4.859812
dianthus	var	4.859812
euphorbia	var	4.859812
fransız	ilan	4.859812
fransız	serra	4.859812
fransız	tebaxe	4.859812
fransız	tışrino	4.859812
ilan	serra	4.859812
ilan	tebaxe	4.859812
ilan	tışrino	4.859812
serra	tebaxe	4.859812
serra	tışrino	4.859812
tebaxe	tışrino	4.859812
filmê	fîlmê	4.859812
filmê	kay	4.859812
filmê	sinema	4.859812
filmê	têatro	4.859812
fîlmê	kay	4.859812
fîlmê	sinema	4.859812
fîlmê	têatro	4.859812
kay	sinema	4.859812
kay	têatro	4.859812
sinema	têatro	4.859812
dormey	gênê	4.859812
dormey	komunê	4.859812
dormey	saint	4.859812
dormey	sur	4.859812
gênê	komunê	4.859812
gênê	saint	4.859812
gênê	sur	4.859812
komunê	saint	4.859812
komunê	sur	4.859812
saint	sur	4.859812
partiya	serdar	4.859812
partiya	siyasetkaro	4.859812
partiya	tırko	4.859812
partiya	wali	4.859812
serdar	siyasetkaro	4.859812
serdar	tırko	4.859812
serdar	wali	4.859812
siyasetkaro	tırko	4.859812
siyasetkaro	wali	4.859812
tırko	wali	4.859812
and	on	4.859812
and	the	4.859812
and	to	4.859812
and	you	4.859812
on	the	4.859812
on	to	4.859812
on	you	4.859812
the	to	4.859812
the	you	4.859812
to	you	4.859812
ganî	vêşêr	4.859812
ganî	ziwan	4.859812
ganî	şêro	4.859812
ganî	şêx	4.859812
vêşêr	ziwan	4.859812
vêşêr	şêro	4.859812
vêşêr	şêx	4.859812
ziwan	şêro	4.859812
ziwan	şêx	4.859812
şêro	şêx	4.859812
2012	2013	4.859812
2012	2020î	4.859812
2012	mesac	4.859812
2012	utc	4.859812
2013	2020î	4.859812
2013	mesac	4.859812
2013	utc	4.859812
2020î	mesac	4.859812
2020î	utc	4.859812
mesac	utc	4.859812
dormeyê	endustriye	4.859812
dormeyê	keyeyê	4.859812
dormeyê	sereyê	4.859812
dormeyê	wareyê	4.859812
endustriye	keyeyê	4.859812
endustriye	sereyê	4.859812
endustriye	wareyê	4.859812
keyeyê	sereyê	4.859812
keyeyê	wareyê	4.859812
sereyê	wareyê	4.859812
asmênio	asmêniyo	18.408318
asmênio	cısmê	16.251872
asmênio	ngc	18.408318
asmênio	yew	18.408318
asmêniyo	cısmê	20.397316
asmêniyo	ngc	23.963290
asmêniyo	yew	23.963290
cısmê	ngc	20.397316
cısmê	yew	20.397316
ngc	yew	23.963290
bînî	efrînî	4.859812
bînî	hetê	4.859812
bînî	mêrdînî	4.859812
bînî	yewbînî	4.859812
efrînî	hetê	4.859812
efrînî	mêrdînî	4.859812
efrînî	yewbînî	4.859812
hetê	mêrdînî	4.859812
hetê	yewbînî	4.859812
mêrdînî	yewbînî	4.859812
ne	ni	4.859812
ne	nika	4.859812
ne	no	4.859812
ne	zî	4.859812
ni	nika	4.859812
ni	no	4.859812
ni	zî	4.859812
nika	no	4.859812
nika	zî	4.859812
no	zî	4.859812
kitab	kitabê	4.859812
kitab	kitabî	4.859812
kitab	roman	4.859812
kitab	romanê	4.859812
kitabê	kitabî	4.859812
kitabê	roman	4.859812
kitabê	romanê	4.859812
kitabî	roman	4.859812
kitabî	romanê	4.859812
roman	romanê	4.859812
jû	komuna	4.859812
jû	qezay	4.859812
jû	verduniya	4.859812
jû	yû	4.859812
komuna	qezay	4.859812
komuna	verduniya	4.859812
komuna	yû	4.859812
qezay	verduniya	4.859812
qezay	yû	4.859812
verduniya	yû	4.859812
alpes	auvergne	13.894072
alpes	gêna	4.859812
alpes	komune	4.859812
alpes	rhône	13.894072
auvergne	gêna	4.859812
auvergne	komune	4.859812
auvergne	rhône	16.251872
gêna	komune	13.894072
gêna	rhône	4.859812
komune	rhône	4.859812
anciyao	elektriki	8.333330
anciyao	interneti	4.859812
anciyao	kabloyu	4.859812
anciyao	xeta	8.333330
elektriki	interneti	8.333330
elektriki	kabloyu	4.859812
elektriki	xeta	13.894072
interneti	kabloyu	4.859812
interneti	xeta	8.333330
kabloyu	xeta	4.859812
edîtorî	nameyê	4.859812
edîtorî	newepelî	4.859812
edîtorî	rojnameyê	4.859812
edîtorî	vejîya	4.859812
nameyê	newepelî	4.859812
nameyê	rojnameyê	4.859812
nameyê	vejîya	4.859812
newepelî	rojnameyê	4.859812
newepelî	vejîya	4.859812
rojnameyê	vejîya	4.859812
pan	to	4.859812
pan	xwu	4.859812
pan	yo	4.859812
pan	yow	4.859812
to	xwu	4.859812
to	yo	4.859812
to	yow	4.859812
xwu	yo	4.859812
xwu	yow	4.859812
yo	yow	4.859812
erdê	gêno	8.333330
erdê	km	8.333330
erdê	komune	8.333330
erdê	komuni	8.333330
gêno	km	8.333330
gêno	komune	11.283600
gêno	komuni	8.333330
km	komune	8.333330
km	komuni	8.333330
komune	komuni	8.333330
fc	futboliyê	4.859812
fc	klub	4.859812
fc	klubê	4.859812
fc	tırkiyayo	4.859812
futboliyê	klub	4.859812
futboliyê	klubê	4.859812
futboliyê	tırkiyayo	4.859812
klub	klubê	4.859812
klub	tırkiyayo	4.859812
klubê	tırkiyayo	4.859812
ke	kerdene	4.859812
ke	yen	4.859812
ke	yenê	4.859812
ke	yenî	4.859812
kerdene	yen	4.859812
kerdene	yenê	4.859812
kerdene	yenî	4.859812
yen	yenê	4.859812
yen	yenî	4.859812
yenê	yenî	4.859812
apecê	domanî	4.859812
apecê	stockholm	4.859812
apecê	swêdkî	4.859812
apecê	weşanxaneya	4.859812
domanî	stockholm	4.859812
domanî	swêdkî	4.859812
domanî	weşanxaneya	4.859812
stockholm	swêdkî	4.859812
stockholm	weşanxaneya	4.859812
swêdkî	weşanxaneya	4.859812
qey	se	4.859812
qey	ti	4.859812
qey	to	4.859812
qey	çi	4.859812
se	ti	4.859812
se	to	4.859812
se	çi	4.859812
ti	to	8.333330
ti	çi	4.859812
to	çi	4.859812
ardennesi	bas	4.859812
ardennesi	esti	4.859812
ardennesi	grand	4.859812
ardennesi	rhini	4.859812
bas	esti	4.859812
bas	grand	4.859812
bas	rhini	4.859812
esti	grand	20.397316
esti	rhini	4.859812
grand	rhini	4.859812
5655	asmêniyo	4.859812
5655	cısmê	4.859812
5655	ngc	4.859812
5655	yew	4.859812
2002	2004	4.859812
2002	2005	4.859812
2002	the	4.859812
2002	tv	4.859812
2004	2005	4.859812
2004	the	4.859812
2004	tv	4.859812
2005	the	4.859812
2005	tv	4.859812
the	tv	4.859812
ceyran	esta	4.859812
ceyran	têlefoni	4.859812
ceyran	xeta	4.859812
ceyran	çimanê	4.859812
esta	têlefoni	4.859812
esta	xeta	11.283600
esta	çimanê	4.859812
têlefoni	xeta	4.859812
têlefoni	çimanê	4.859812
xeta	çimanê	4.859812
4597	asmêniyo	4.859812
4597	cısmê	4.859812
4597	ngc	4.859812
4597	yew	4.859812
domains	generic	4.859812
domains	jeneriko	4.859812
domains	kodê	4.859812
domains	level	4.859812
generic	jeneriko	4.859812
generic	kodê	4.859812
generic	level	4.859812
jeneriko	kodê	4.859812
jeneriko	level	4.859812
kodê	level	4.859812
calaisiya	france	4.859812
calaisiya	fransa	4.859812
calaisiya	hauts	4.859812
calaisiya	pas	4.859812
france	fransa	4.859812
france	hauts	8.333330
france	pas	4.859812
fransa	hauts	4.859812
fransa	pas	4.859812
hauts	pas	4.859812
alfabey	alfabeya	4.859812
alfabey	alfabeyê	4.859812
alfabey	herfa	4.859812
alfabey	language	4.859812
alfabeya	alfabeyê	4.859812
alfabeya	herfa	4.859812
alfabeya	language	4.859812
alfabeyê	herfa	4.859812
alfabeyê	language	4.859812
herfa	language	4.859812
anciyaya	elektriki	8.333330
anciyaya	esta	4.859812
anciyaya	interneti	4.859812
anciyaya	xeta	8.333330
elektriki	esta	8.333330
esta	interneti	4.859812
aisneyo	france	4.859812
aisneyo	hauts	4.859812
aisneyo	komunê	4.859812
aisneyo	qezay	4.859812
france	komunê	4.859812
france	qezay	4.859812
hauts	komunê	4.859812
hauts	qezay	4.859812
komunê	qezay	4.859812
belediyaya	endulusi	4.859812
belediyaya	eyaletê	4.859812
belediyaya	galiçya	4.859812
belediyaya	spanya	4.859812
endulusi	eyaletê	4.859812
endulusi	galiçya	4.859812
endulusi	spanya	4.859812
eyaletê	galiçya	4.859812
eyaletê	spanya	8.333330
galiçya	spanya	4.859812
cherio	et	4.859812
cherio	komunê	4.859812
cherio	marnea	4.859812
cherio	seine	4.859812
et	komunê	8.333330
et	marnea	4.859812
et	seine	4.859812
komunê	marnea	4.859812
komunê	seine	4.859812
marnea	seine	4.859812
amerîka	dayîka	4.859812
amerîka	hîkaye	4.859812
amerîka	hîkayeyan	4.859812
amerîka	hîkayeyî	4.859812
dayîka	hîkaye	4.859812
dayîka	hîkayeyan	4.859812
dayîka	hîkayeyî	4.859812
hîkaye	hîkayeyan	4.859812
hîkaye	hîkayeyî	4.859812
hîkayeyan	hîkayeyî	4.859812
aubea	aubeya	4.859812
aubea	audea	4.859812
aubea	komuna	4.859812
aubea	wılayetê	4.859812
aubeya	audea	4.859812
aubeya	komuna	4.859812
aubeya	wılayetê	4.859812
audea	komuna	4.859812
audea	wılayetê	4.859812
komuna	wılayetê	8.333330
girdîya	pê	4.859812
girdîya	pêro	4.859812
girdîya	violation	4.859812
girdîya	çar	4.859812
pê	pêro	4.859812
pê	violation	4.859812
pê	çar	4.859812
pêro	violation	4.859812
pêro	çar	4.859812
violation	çar	4.859812
balina	elektriki	4.859812
balina	esta	4.859812
balina	taxımestareyê	4.859812
balina	xeta	4.859812
elektriki	taxımestareyê	4.859812
esta	taxımestareyê	4.859812
taxımestareyê	xeta	4.859812
doktor	doktora	4.859812
doktor	dr	4.859812
doktor	mezun	4.859812
doktor	prof	4.859812
doktora	dr	4.859812
doktora	mezun	4.859812
doktora	prof	4.859812
dr	mezun	4.859812
dr	prof	4.859812
mezun	prof	4.859812
music	muzik	4.859812
music	muziki	4.859812
music	muzikê	4.859812
music	muzîkî	4.859812
muzik	muziki	4.859812
muzik	muzikê	4.859812
muzik	muzîkî	4.859812
muziki	muzikê	4.859812
muziki	muzîkî	4.859812
muzikê	muzîkî	4.859812
dewleta	dyaya	4.859812
dewleta	sûka	4.859812
dewleta	talyaya	4.859812
dewleta	yew	4.859812
dyaya	sûka	4.859812
dyaya	talyaya	4.859812
dyaya	yew	4.859812
sûka	talyaya	4.859812
sûka	yew	4.859812
talyaya	yew	4.859812
anciyao	anciyaya	4.859812
anciyao	nterneti	4.859812
anciyaya	nterneti	4.859812
elektriki	nterneti	4.859812
nterneti	xeta	4.859812
album	albumê	4.859812
album	aslaniya	4.859812
album	deyira	4.859812
album	mikail	4.859812
albumê	aslaniya	4.859812
albumê	deyira	4.859812
albumê	mikail	4.859812
aslaniya	deyira	4.859812
aslaniya	mikail	4.859812
deyira	mikail	4.859812
internet	interneti	4.859812
internet	kılmkerdış	4.859812
internet	mocneno	4.859812
internet	pelanê	4.859812
interneti	kılmkerdış	4.859812
interneti	mocneno	4.859812
interneti	pelanê	4.859812
kılmkerdış	mocneno	4.859812
kılmkerdış	pelanê	4.859812
mocneno	pelanê	4.859812
diagrami	saint	4.859812
diagrami	seran	4.859812
gorey	saint	4.859812
gorey	seran	4.859812
grafikê	saint	4.859812
grafikê	seran	4.859812
saint	seran	4.859812
eyaletê	merkezê	4.859812
eyaletê	paytextê	4.859812
eyaletê	são	4.859812
eyaletê	sûka	4.859812
merkezê	paytextê	4.859812
merkezê	são	4.859812
merkezê	sûka	4.859812
paytextê	são	4.859812
paytextê	sûka	4.859812
são	sûka	4.859812
fransa	komune	8.333330
fransa	mıntıqaya	4.859812
fransa	na	4.859812
fransa	normandiya	4.859812
komune	mıntıqaya	11.283600
komune	na	13.894072
komune	normandiya	4.859812
mıntıqaya	na	8.333330
mıntıqaya	normandiya	4.859812
na	normandiya	4.859812
birayî	deryayî	4.859812
birayî	homayî	4.859812
birayî	resayî	4.859812
birayî	ucayî	4.859812
deryayî	homayî	4.859812
deryayî	resayî	4.859812
deryayî	ucayî	4.859812
homayî	resayî	4.859812
homayî	ucayî	4.859812
resayî	ucayî	4.859812
kultur	kulturo	4.859812
kultur	kulturê	4.859812
kultur	kulturî	4.859812
kultur	ziwan	4.859812
kulturo	kulturê	4.859812
kulturo	kulturî	4.859812
kulturo	ziwan	4.859812
kulturê	kulturî	4.859812
kulturê	ziwan	4.859812
kulturî	ziwan	4.859812
britanya	gırdeyo	4.859812
britanya	kanalê	4.859812
britanya	tv	4.859812
britanya	têlevizyoniyê	4.859812
gırdeyo	kanalê	4.859812
gırdeyo	tv	4.859812
gırdeyo	têlevizyoniyê	4.859812
kanalê	tv	4.859812
kanalê	têlevizyoniyê	4.859812
tv	têlevizyoniyê	4.859812
aseno	diyagrami	4.859812
aseno	gorey	4.859812
aseno	grafikê	4.859812
aseno	serran	4.859812
diyagrami	gorey	4.859812
diyagrami	grafikê	4.859812
diyagrami	serran	4.859812
gorey	serran	4.859812
grafikê	serran	4.859812
afrika	afrikaya	4.859812
afrika	cumhuriyetê	4.859812
afrika	knyaciya	4.859812
afrika	qıtay	4.859812
afrikaya	cumhuriyetê	4.859812
afrikaya	knyaciya	4.859812
afrikaya	qıtay	4.859812
cumhuriyetê	knyaciya	4.859812
cumhuriyetê	qıtay	4.859812
knyaciya	qıtay	4.859812
be	bena	4.859812
be	ekonomiye	4.859812
be	heywanweyikerdış	4.859812
be	ziraet	4.859812
bena	ekonomiye	4.859812
bena	heywanweyikerdış	4.859812
bena	ziraet	4.859812
ekonomiye	heywanweyikerdış	4.859812
ekonomiye	ziraet	4.859812
heywanweyikerdış	ziraet	4.859812
esti	gêna	4.859812
esti	komune	8.333330
esti	na	4.859812
grand	gêna	4.859812
grand	komune	8.333330
grand	na	4.859812
gêna	na	11.283600
bio	keşıf	4.859812
bio	kışta	4.859812
bio	paniai	4.859812
bio	terefê	4.859812
keşıf	kışta	4.859812
keşıf	paniai	4.859812
kışta	paniai	4.859812
kışta	terefê	4.859812
paniai	terefê	4.859812
alpan	overn	4.859812
alpan	qanalizasyoni	4.859812
alpan	ron	4.859812
alpan	çıniyo	4.859812
overn	qanalizasyoni	4.859812
overn	ron	4.859812
overn	çıniyo	4.859812
qanalizasyoni	ron	4.859812
qanalizasyoni	çıniyo	4.859812
ron	çıniyo	4.859812
komuna	manchea	4.859812
komuna	mancheya	4.859812
komuna	yew	8.333330
manchea	mancheya	4.859812
manchea	wılayetê	4.859812
manchea	yew	4.859812
mancheya	wılayetê	4.859812
mancheya	yew	4.859812
wılayetê	yew	11.283600
hende	jê	4.859812
hende	jêde	4.859812
hende	çekuyê	4.859812
hende	çiqas	4.859812
jê	jêde	4.859812
jê	çekuyê	4.859812
jê	çiqas	4.859812
jêde	çekuyê	4.859812
jêde	çiqas	4.859812
çekuyê	çiqas	4.859812
mi	ti	4.859812
mi	va	4.859812
mi	vano	4.859812
ti	va	4.859812
ti	vano	4.859812
to	va	4.859812
to	vano	4.859812
va	vano	4.859812
esti	fransa	8.333330
esti	komuna	8.333330
esti	moselley	4.859812
fransa	grand	8.333330
fransa	komuna	4.859812
fransa	moselley	4.859812
grand	komuna	8.333330
grand	moselley	4.859812
komuna	moselley	4.859812
asmênio	cısımê	4.859812
asmêniyo	cısımê	8.333330
cısımê	ngc	8.333330
cısımê	yew	8.333330
gêna	mıntıqaya	4.859812
gêna	occitanie	4.859812
komune	occitanie	4.859812
mıntıqaya	occitanie	4.859812
na	occitanie	4.859812
france	gêna	4.859812
france	komune	4.859812
france	na	4.859812
france	île	4.859812
gêna	île	4.859812
komune	île	4.859812
na	île	4.859812
anatoliya	mıntıqay	4.859812
anatoliya	rıha	4.859812
anatoliya	sêwrega	4.859812
anatoliya	sêwregi	4.859812
mıntıqay	rıha	4.859812
mıntıqay	sêwrega	4.859812
mıntıqay	sêwregi	4.859812
rıha	sêwrega	4.859812
rıha	sêwregi	4.859812
sêwrega	sêwregi	4.859812
dvb	fm	4.859812
dvb	kw	4.859812
dvb	radyo	4.859812
dvb	radyoyê	4.859812
fm	kw	4.859812
fm	radyo	4.859812
fm	radyoyê	4.859812
kw	radyo	4.859812
kw	radyoyê	4.859812
radyo	radyoyê	4.859812
cayê	dero	8.333330
cayê	esti	8.333330
cayê	grand	8.333330
cayê	meuseyi	4.859812
dero	esti	8.333330
dero	grand	8.333330
dero	meuseyi	4.859812
esti	meuseyi	4.859812
grand	meuseyi	4.859812
esti	haute	4.859812
esti	marney	4.859812
grand	haute	4.859812
grand	marney	4.859812
haute	komuna	4.859812
haute	marney	4.859812
komuna	marney	4.859812
eniya	komuna	4.859812
eniya	saint	4.859812
eniya	vendéeya	4.859812
eniya	yew	4.859812
komuna	saint	4.859812
komuna	vendéeya	4.859812
saint	vendéeya	4.859812
saint	yew	4.859812
vendéeya	yew	4.859812
gêno	komun	4.859812
gêno	loire	4.859812
gêno	pays	4.859812
gêno	taxımestareyê	4.859812
komun	loire	4.859812
komun	pays	4.859812
komun	taxımestareyê	4.859812
loire	pays	8.333330
loire	taxımestareyê	4.859812
pays	taxımestareyê	4.859812
et	meurthe	4.859812
et	moselleo	4.859812
et	wılayetê	4.859812
komunê	meurthe	4.859812
komunê	moselleo	4.859812
komunê	wılayetê	13.894072
meurthe	moselleo	4.859812
meurthe	wılayetê	4.859812
moselleo	wılayetê	4.859812
est	grand	4.859812
est	haut	4.859812
est	komunê	4.859812
est	rhiniyo	4.859812
grand	haut	4.859812
grand	komunê	4.859812
grand	rhiniyo	4.859812
haut	komunê	4.859812
haut	rhiniyo	4.859812
komunê	rhiniyo	4.859812
devrekiya	dewa	4.859812
devrekiya	qezay	4.859812
devrekiya	zonğuldaki	4.859812
devrekiya	çaycumaya	4.859812
dewa	qezay	4.859812
dewa	zonğuldaki	4.859812
dewa	çaycumaya	4.859812
qezay	zonğuldaki	4.859812
qezay	çaycumaya	4.859812
zonğuldaki	çaycumaya	4.859812
komune	la	4.859812
komune	loire	4.859812
komune	pays	4.859812
la	loire	4.859812
la	mıntıqaya	4.859812
la	pays	4.859812
loire	mıntıqaya	4.859812
mıntıqaya	pays	4.859812
bira	bêvenga	4.859812
bira	coke	4.859812
bira	pil	4.859812
bira	piya	4.859812
bêvenga	coke	4.859812
bêvenga	pil	4.859812
bêvenga	piya	4.859812
coke	pil	4.859812
coke	piya	4.859812
pil	piya	4.859812
komunê	sarthea	4.859812
komunê	sartheya	4.859812
komunê	yew	8.333330
sarthea	sartheya	4.859812
sarthea	wılayetê	4.859812
sarthea	yew	4.859812
sartheya	wılayetê	4.859812
sartheya	yew	4.859812
914	asmêniyo	4.859812
914	cısımê	4.859812
914	ngc	4.859812
914	yew	4.859812
1983	1989ıne	4.859812
1983	1994ıne	4.859812
1983	muxtarê	4.859812
1983	serra	4.859812
1989ıne	1994ıne	4.859812
1989ıne	muxtarê	4.859812
1989ıne	serra	4.859812
1994ıne	muxtarê	4.859812
1994ıne	serra	4.859812
muxtarê	serra	4.859812
avantac	biyo	4.859812
avantac	rainforest	4.859812
avantac	swifti	4.859812
avantac	vehbi	4.859812
biyo	rainforest	4.859812
biyo	swifti	4.859812
biyo	vehbi	4.859812
rainforest	swifti	4.859812
rainforest	vehbi	4.859812
swifti	vehbi	4.859812
esti	gêno	4.859812
fransa	gêno	4.859812
grand	gêno	4.859812
alpesi	ardècheya	4.859812
alpesi	auvergne	4.859812
alpesi	komuna	4.859812
alpesi	rhône	4.859812
ardècheya	auvergne	4.859812
ardècheya	komuna	4.859812
ardècheya	rhône	4.859812
auvergne	komuna	4.859812
komuna	rhône	4.859812
gêna	gêno	4.859812
gêna	gênê	4.859812
gêna	teber	4.859812
gêna	xo	4.859812
gêno	gênê	4.859812
gêno	teber	4.859812
gêno	xo	4.859812
gênê	teber	4.859812
gênê	xo	4.859812
teber	xo	4.859812
amerika	amerikay	4.859812
amerika	amerikayê	4.859812
amerika	dewletanê	4.859812
amerika	yewbiyayeyana	4.859812
amerikay	amerikayê	4.859812
amerikay	dewletanê	4.859812
amerikay	yewbiyayeyana	4.859812
amerikayê	dewletanê	4.859812
amerikayê	yewbiyayeyana	4.859812
dewletanê	yewbiyayeyana	4.859812
alpes	cantaliyo	4.859812
alpes	komunê	4.859812
auvergne	cantaliyo	4.859812
auvergne	komunê	4.859812
cantaliyo	komunê	4.859812
cantaliyo	rhône	4.859812
komunê	rhône	4.859812
drômea	drômeya	4.859812
drômea	komunê	4.859812
drômea	wılayetê	4.859812
drômea	yew	4.859812
drômeya	komunê	4.859812
drômeya	wılayetê	4.859812
drômeya	yew	4.859812
1784	herscheli	4.859812
1784	keşıf	4.859812
1784	terefê	4.859812
1784	wilhelm	4.859812
herscheli	keşıf	8.333330
herscheli	terefê	8.333330
herscheli	wilhelm	4.859812
keşıf	wilhelm	4.859812
terefê	wilhelm	4.859812
john	known	4.859812
john	robert	4.859812
john	toquinho	4.859812
known	robert	4.859812
known	toquinho	4.859812
known	william	4.859812
robert	toquinho	4.859812
robert	william	4.859812
toquinho	william	4.859812
adresa	kovaran	4.859812
adresa	li	4.859812
adresa	rojname	4.859812
adresa	rojnameyî	4.859812
kovaran	li	4.859812
kovaran	rojname	4.859812
kovaran	rojnameyî	4.859812
li	rojname	4.859812
li	rojnameyî	4.859812
rojname	rojnameyî	4.859812
gelo	kışta	4.859812
gelo	kıştı	4.859812
gelo	ning	4.859812
gelo	zafê	4.859812
kışta	kıştı	4.859812
kışta	ning	4.859812
kışta	zafê	4.859812
kıştı	ning	4.859812
kıştı	zafê	4.859812
ning	zafê	4.859812
francis	katalogo	4.859812
francis	leavenworthi	4.859812
francis	neweyo	4.859812
francis	preserved	4.859812
katalogo	leavenworthi	4.859812
katalogo	neweyo	4.859812
katalogo	preserved	4.859812
leavenworthi	neweyo	4.859812
leavenworthi	preserved	4.859812
neweyo	preserved	4.859812
johannes	katolikan	4.859812
johannes	katolikano	4.859812
johannes	papay	4.859812
johannes	xristiyananê	4.859812
katolikan	katolikano	4.859812
katolikan	papay	4.859812
katolikan	xristiyananê	4.859812
katolikano	papay	4.859812
katolikano	xristiyananê	4.859812
papay	xristiyananê	4.859812
haute	komunê	4.859812
haute	loirea	4.859812
haute	métropole	4.859812
haute	wılayetê	4.859812
komunê	loirea	4.859812
komunê	métropole	4.859812
loirea	métropole	4.859812
loirea	wılayetê	4.859812
métropole	wılayetê	4.859812
barselona	belediyay	4.859812
barselona	katalonyaya	4.859812
barselona	otonome	4.859812
barselona	spanya	4.859812
belediyay	katalonyaya	4.859812
belediyay	otonome	4.859812
belediyay	spanya	8.333330
katalonyaya	otonome	4.859812
katalonyaya	spanya	4.859812
otonome	spanya	4.859812
guretî	ma	4.859812
guretî	ulyanî	4.859812
guretî	yanî	4.859812
guretî	şuûr	4.859812
ma	ulyanî	4.859812
ma	yanî	4.859812
ma	şuûr	4.859812
ulyanî	yanî	4.859812
ulyanî	şuûr	4.859812
yanî	şuûr	4.859812
aragoni	belediyay	4.859812
aragoni	eyaletê	4.859812
aragoni	huescao	4.859812
aragoni	spanya	4.859812
belediyay	eyaletê	4.859812
belediyay	huescao	4.859812
eyaletê	huescao	4.859812
huescao	spanya	4.859812
bizansi	imperatoriya	4.859812
bizansi	imperatorê	4.859812
bizansi	mperatoriya	4.859812
bizansi	roma	4.859812
imperatoriya	imperatorê	4.859812
imperatoriya	mperatoriya	4.859812
imperatoriya	roma	4.859812
imperatorê	mperatoriya	4.859812
imperatorê	roma	4.859812
mperatoriya	roma	4.859812
cayê	vosgesi	4.859812
dero	vosgesi	4.859812
esti	vosgesi	4.859812
grand	vosgesi	4.859812
allieriya	allieriyo	4.859812
allieriya	alpes	4.859812
allieriya	auvergne	4.859812
allieriya	rhône	4.859812
allieriyo	alpes	4.859812
allieriyo	auvergne	4.859812
allieriyo	rhône	4.859812
biyo	dewleta	4.859812
biyo	reyna	4.859812
biyo	serdarê	4.859812
biyo	vatikani	4.859812
dewleta	reyna	4.859812
dewleta	serdarê	4.859812
dewleta	vatikani	4.859812
reyna	serdarê	4.859812
reyna	vatikani	4.859812
serdarê	vatikani	4.859812
gregoryani	roca	4.859812
gregoryani	serrenamey	4.859812
gregoryani	temmuz	4.859812
gregoryani	tışrino	4.859812
roca	serrenamey	4.859812
roca	temmuz	4.859812
roca	tışrino	4.859812
serrenamey	temmuz	4.859812
serrenamey	tışrino	4.859812
temmuz	tışrino	4.859812
belediyaya	madrid	4.859812
belediyaya	madridi	4.859812
belediyaya	madridiyo	4.859812
belediyaya	otonom	4.859812
madrid	madridi	4.859812
madrid	madridiyo	4.859812
madrid	otonom	4.859812
madridi	madridiyo	4.859812
madridi	otonom	4.859812
madridiyo	otonom	4.859812
bike	bikero	4.859812
bike	bikewo	4.859812
bike	do	4.859812
bike	çerx	4.859812
bikero	bikewo	4.859812
bikero	do	4.859812
bikero	çerx	4.859812
bikewo	do	4.859812
bikewo	çerx	4.859812
do	çerx	4.859812
atlantik	dorme	4.859812
atlantik	okyanuso	4.859812
atlantik	okyanusya	4.859812
atlantik	plajê	4.859812
dorme	okyanuso	4.859812
dorme	okyanusya	4.859812
dorme	plajê	4.859812
okyanuso	okyanusya	4.859812
okyanuso	plajê	4.859812
okyanusya	plajê	4.859812
alpes	haute	4.859812
alpes	savoieyo	4.859812
auvergne	haute	4.859812
auvergne	savoieyo	4.859812
haute	rhône	4.859812
haute	savoieyo	4.859812
rhône	savoieyo	4.859812
banî	dayê	4.859812
banî	mi	4.859812
banî	mînîbuse	4.859812
banî	zereyê	4.859812
dayê	mi	4.859812
dayê	mînîbuse	4.859812
dayê	zereyê	4.859812
mi	mînîbuse	4.859812
mi	zereyê	4.859812
mînîbuse	zereyê	4.859812
biyo	herscheli	4.859812
biyo	parsonsi	4.859812
herscheli	parsonsi	4.859812
keşıf	parsonsi	4.859812
parsonsi	terefê	4.859812